{
  "stage": "finetune",
  "n_test": 1565,
  "n_cal": 1562,
  "accuracy": 0.8952076677316294,
  "macro_f1": 0.887444831917148,
  "per_class": {
    "healthy": {
      "precision": 0.9041916167664671,
      "recall": 0.9301848049281314,
      "f1-score": 0.917004048582996,
      "support": 974.0
    },
    "bleached": {
      "precision": 0.8792184724689165,
      "recall": 0.8375634517766497,
      "f1-score": 0.8578856152512998,
      "support": 591.0
    }
  },
  "ece": 0.04592954392631216,
  "confusion_matrix": [
    [
      906,
      68
    ],
    [
      96,
      495
    ]
  ]
}