{
  "model": "gpt-4o",
  "n": 1565,
  "accuracy": 0.805111821086262,
  "macro_f1": 0.7899860306006842,
  "per_class": {
    "healthy": {
      "precision": 0.8308605341246291,
      "recall": 0.8624229979466119,
      "f1-score": 0.8463476070528967,
      "support": 974.0
    },
    "bleached": {
      "precision": 0.7581227436823105,
      "recall": 0.7106598984771574,
      "f1-score": 0.7336244541484717,
      "support": 591.0
    }
  },
  "ece": 0.15236423140402422,
  "confusion_matrix": [
    [
      840,
      134
    ],
    [
      171,
      420
    ]
  ],
  "specialist": {
    "accuracy": 0.8952076677316294,
    "macro_f1": 0.887444831917148,
    "ece": 0.04592954392631216
  }
}